Playlist ID,URI,Album,Song Name,Danceability,Energy,Key,Loudness,Mode,Speechiness,Acousticness,Instrumentalness,Liveness,Valence,Tempo,Duration_ms,Time Signature
1.0,0Om9WAB5RS09L80DyOfTNa,Taylor Swift,Tim McGraw,0.58,0.491,0.0,-6.462,1.0,0.0251,0.575,0.0,0.121,0.425,76.009,232107.0,4.0
2.0,32mVHdy0bi1XKgr0ajsBlG,Taylor Swift,Picture To Burn,0.658,0.877,7.0,-2.098,1.0,0.0323,0.173,0.0,0.0962,0.821,105.586,173067.0,4.0
3.0,7zMcNqs55Mxer82bvZFkpg,Taylor Swift,Teardrops On My Guitar - Radio Single Remix,0.621,0.417,10.0,-6.941,1.0,0.0231,0.288,0.0,0.119,0.289,99.953,203040.0,4.0
4.0,73OX8GdpOeGzKC6OvGSbsv,Taylor Swift,A Place in this World,0.576,0.777,9.0,-2.881,1.0,0.0324,0.051,0.0,0.32,0.428,115.028,199200.0,4.0
5.0,7an1exwMnfYRcdVQm0yDev,Taylor Swift,Cold As You,0.418,0.482,5.0,-5.769,1.0,0.0266,0.217,0.0,0.123,0.261,175.558,239013.0,4.0
6.0,2QA3IixpRcKyOdG7XDzRgv,Taylor Swift,The Outside,0.589,0.805,5.0,-4.055,1.0,0.0293,0.00491,0.0,0.24,0.591,112.982,207107.0,4.0
7.0,6K0CJLVXqbGMeJSmJ4ENKK,Taylor Swift,Tied Together with a Smile,0.479,0.578,2.0,-4.963,1.0,0.0294,0.525,0.0,0.0841,0.192,146.165,248107.0,4.0
8.0,2ZoOmCSgj0ypVAmGd1ve4y,Taylor Swift,Stay Beautiful,0.594,0.629,8.0,-4.919,1.0,0.0246,0.0868,0.0,0.137,0.504,131.597,236053.0,4.0
9.0,16MVSD0mGI4RMQT83Qzm69,Taylor Swift,Should've Said No,0.476,0.777,4.0,-3.771,0.0,0.0289,0.0103,0.0,0.196,0.472,167.964,242200.0,4.0
10.0,2QrQCMel6v2JiLxqrg4p2O,Taylor Swift,Mary's Song (Oh My My My),0.403,0.627,2.0,-5.28,1.0,0.0292,0.0177,0.0,0.182,0.374,74.9,213080.0,4.0
11.0,15DeqWWQB4dcEWzJg15VrN,Taylor Swift,Our Song,0.668,0.672,2.0,-4.931,1.0,0.0303,0.111,0.0,0.329,0.539,89.011,201107.0,4.0
12.0,0JIdBrXGSJXS72zjF9ss9u,Taylor Swift,I'm Only Me When I'm With You,0.563,0.934,8.0,-3.629,1.0,0.0646,0.00452,0.000807,0.103,0.518,143.964,213053.0,4.0
13.0,5OOd01o2YS1QFwdpVLds3r,Taylor Swift,Invisible,0.612,0.394,7.0,-5.723,1.0,0.0243,0.637,0.0,0.147,0.233,96.001,203227.0,4.0
14.0,1spLfUJxtyVyiKKTegQ2r4,Taylor Swift,A Perfectly Good Heart,0.483,0.751,4.0,-5.726,1.0,0.0365,0.00349,0.0,0.128,0.268,156.092,220147.0,4.0
15.0,6Eu31gddWw0gOGO506pJYA,Fearless,Fearless,0.594,0.712,5.0,-4.418,1.0,0.0273,0.04,0.0,0.309,0.476,99.972,241987.0,4.0
16.0,4t0OI7XrODjSkAu3bTPmWj,Fearless,Fifteen,0.556,0.651,7.0,-4.396,1.0,0.0266,0.067,0.0,0.145,0.203,95.485,294333.0,4.0
17.0,1vrd6UOGamcKNGnSHJQlSt,Fearless,Love Story,0.618,0.741,2.0,-3.95,1.0,0.031,0.17,0.0,0.0822,0.296,118.984,235267.0,4.0
18.0,4WXzzCof26KJLTK5kK53dS,Fearless,Hey Stephen,0.841,0.544,6.0,-7.347,1.0,0.0309,0.194,2.48e-06,0.108,0.831,115.994,254307.0,4.0
19.0,6wn61Fzx9XMxQmieLpoIhW,Fearless,White Horse,0.578,0.34,0.0,-8.027,1.0,0.0264,0.305,0.0,0.104,0.223,92.702,234427.0,4.0
20.0,3GCL1PydwsLodcpv0Ll1ch,Fearless,You Belong With Me,0.687,0.783,6.0,-4.44,1.0,0.0386,0.162,1.35e-05,0.114,0.443,129.964,231133.0,4.0
21.0,49mWEy5MgtNujgT7xU3emT,Fearless,Breathe,0.505,0.482,1.0,-7.372,1.0,0.0276,0.379,0.0,0.113,0.184,73.975,263973.0,4.0
22.0,3rnI1UCyGJvUTVvT97VQr5,Fearless,Tell Me Why,0.604,0.855,7.0,-3.097,1.0,0.038,0.0571,3.65e-06,0.343,0.51,99.96,200547.0,4.0
23.0,0HmCuN0Z3OX1Qrz43FLOPL,Fearless,You're Not Sorry,0.475,0.452,6.0,-4.134,1.0,0.027,0.146,1.36e-06,0.108,0.276,133.959,261787.0,4.0
24.0,5P4wWhUYWM0IaVYLuZxdar,Fearless,The Way I Loved You,0.433,0.7,5.0,-3.709,1.0,0.0336,0.0408,0.0,0.115,0.398,160.927,244227.0,4.0
25.0,47HtKpfzpAt8rQjjXWotFj,Fearless,Forever & Always,0.608,0.821,10.0,-4.985,1.0,0.0576,0.0752,0.0,0.11,0.544,128.042,225320.0,4.0
26.0,3esA216TyLHEkNiBCeCmcg,Fearless,The Best Day,0.666,0.434,1.0,-8.543,1.0,0.0289,0.647,1.95e-06,0.124,0.396,126.084,245333.0,4.0
27.0,1yACRKAwlXWhXXFUSkvzhD,Fearless,Change,0.541,0.77,5.0,-4.17,1.0,0.0354,0.00408,0.0,0.117,0.215,96.013,280240.0,4.0
28.0,0dBW6ZsW8skfvoRfgeerBF,Speak Now,Mine,0.624,0.757,7.0,-2.94,1.0,0.0296,0.00265,1.87e-06,0.189,0.658,121.07,230707.0,4.0
29.0,6d9IiDcFxtFVIvt9pCqyGH,Speak Now,Sparks Fly,0.605,0.787,5.0,-3.002,1.0,0.0308,0.0396,1.42e-06,0.163,0.374,114.987,260933.0,4.0
30.0,3DrjZArsPsoqbLzUZZV1Id,Speak Now,Back To December,0.529,0.67,2.0,-4.663,1.0,0.0303,0.117,0.0,0.334,0.286,141.893,293027.0,4.0
31.0,24DefNCFiWTP8OjYWiXuYe,Speak Now,Speak Now,0.709,0.599,7.0,-3.734,1.0,0.0304,0.095,0.0,0.0973,0.735,118.975,240760.0,4.0
32.0,7hZuICN5eaCuQyp443RCt6,Speak Now,Dear John,0.589,0.47,4.0,-5.32,1.0,0.028,0.166,1.45e-06,0.112,0.102,119.386,403920.0,3.0
33.0,5yEPktRqvIhko5QFF3aBhQ,Speak Now,Mean,0.568,0.761,4.0,-3.987,1.0,0.0459,0.452,0.0,0.217,0.789,163.974,237733.0,4.0
34.0,3RBluWmSoG2pGA1OePzGJI,Speak Now,The Story Of Us,0.543,0.818,4.0,-3.611,1.0,0.0398,0.00478,0.000368,0.0357,0.683,139.898,265667.0,4.0
35.0,1wJL1A0QUHJPf2cm7tsrdw,Speak Now,Never Grow Up,0.714,0.305,2.0,-8.837,1.0,0.0305,0.819,0.0,0.174,0.554,124.91,290467.0,4.0
36.0,10eBRyImhfqVvkiVEGf0N0,Speak Now,Enchanted,0.455,0.623,8.0,-3.878,1.0,0.0288,0.0739,0.000424,0.146,0.208,163.893,352187.0,4.0
37.0,2ythurkTtSiyfK7GprJoFW,Speak Now,Better Than Revenge,0.516,0.917,11.0,-3.186,0.0,0.0827,0.0139,6.37e-06,0.36,0.635,145.821,217160.0,4.0
38.0,5GPwN5iZ9ZMSXAkppj4Uvv,Speak Now,Innocent,0.552,0.608,1.0,-5.29,0.0,0.0259,0.186,0.0,0.125,0.17,134.05,302253.0,4.0
39.0,28M2gifMU282QBM3fKajIS,Speak Now,Haunted,0.436,0.95,5.0,-2.627,1.0,0.057,0.0826,1.08e-06,0.149,0.352,162.088,242080.0,4.0
40.0,4h0EXpatqJImv4VRgvX6po,Speak Now,Last Kiss,0.371,0.341,10.0,-9.475,1.0,0.0319,0.57,3.09e-05,0.101,0.196,89.038,367133.0,1.0
41.0,6XDBA3QWX51lDJ0oZbaJJN,Speak Now,Long Live,0.418,0.68,7.0,-4.3,1.0,0.0346,0.036,7.59e-05,0.108,0.142,204.125,317947.0,4.0
42.0,786NsUYn4GGUf8AOt0SQhP,Red,State Of Grace,0.588,0.825,4.0,-5.882,1.0,0.0328,0.000197,0.00138,0.0885,0.397,129.968,295187.0,4.0
43.0,0cITLOYn1Sv4q27zZPqlNK,Red,Red,0.602,0.896,1.0,-4.267,0.0,0.0437,0.0773,8.87e-05,0.091,0.641,124.978,220827.0,4.0
44.0,5kYFVSQoPu7yRpfiHBwMUk,Red,Treacherous,0.705,0.621,2.0,-8.086,1.0,0.0334,0.101,4.3e-06,0.147,0.395,109.993,240773.0,4.0
45.0,72jCZdH0Lhg93z6Z4hBjgj,Red,I Knew You Were Trouble.,0.622,0.469,3.0,-6.798,0.0,0.0363,0.00454,2.25e-06,0.0398,0.679,77.019,217973.0,4.0
46.0,4XMP3zVxrnr58T0tjIHvpR,Red,All Too Well,0.602,0.609,0.0,-7.803,1.0,0.0243,0.0382,0.0002,0.127,0.337,93.06,327893.0,4.0
47.0,2ULNeSomDxVNmdDy8VxEBU,Red,22,0.658,0.729,7.0,-6.561,1.0,0.0378,0.00215,0.0013,0.0752,0.668,104.007,230133.0,4.0
48.0,5VwFkx7JOimOGTYfha5rs1,Red,I Almost Do,0.567,0.481,4.0,-7.357,1.0,0.027,0.0173,4.13e-05,0.182,0.233,145.865,242573.0,4.0
49.0,7AEAGTc8cReDqcbPoY9gwo,Red,We Are Never Ever Getting Back Together,0.628,0.676,7.0,-5.911,1.0,0.0916,0.00957,2.65e-05,0.102,0.75,85.984,191880.0,4.0
50.0,1qLeEu4iXEclkLwoBlMiou,Red,Stay Stay Stay,0.729,0.748,0.0,-6.67,1.0,0.0245,0.307,1.29e-06,0.09,0.928,99.981,204827.0,4.0
51.0,3n9mzjgAzjyKawvbHzciXF,Red,The Last Time,0.505,0.443,2.0,-7.039,1.0,0.0276,0.035,3.15e-06,0.0921,0.123,94.069,298293.0,4.0
52.0,1fGsZsIkQkOspfsT24nQP6,Red,Holy Ground,0.627,0.816,4.0,-6.698,1.0,0.0774,0.0162,0.00208,0.0966,0.648,157.043,201853.0,4.0
53.0,6LKjHhOW1az75pCQ9XJJtF,Red,Sad Beautiful Tragic,0.624,0.34,7.0,-12.411,1.0,0.029,0.632,0.0337,0.121,0.261,129.987,283680.0,3.0
54.0,2X2J0BhxaLTmnxO4pPUhSd,Red,The Lucky One,0.706,0.499,4.0,-7.675,1.0,0.0369,0.0371,0.0,0.132,0.545,117.937,240133.0,4.0
55.0,4NAmRvqSITAAzKWnC8yRq3,Red,Everything Has Changed,0.624,0.458,6.0,-6.755,1.0,0.0287,0.36,3.89e-06,0.303,0.436,80.017,243933.0,4.0
56.0,7MecVsMj22MneZt7kVFaCr,Red,Starlight,0.649,0.777,9.0,-5.804,1.0,0.0406,0.0213,0.000335,0.221,0.587,126.018,217827.0,4.0
57.0,0L4YCNRfXAoTvdpWeH2RGj,Red,Begin Again,0.53,0.526,7.0,-8.349,1.0,0.0263,0.199,3.52e-06,0.232,0.323,79.025,237613.0,4.0
58.0,6qnM0XXPZOINWA778uNqQ9,1989,Welcome To New York,0.793,0.634,7.0,-4.807,1.0,0.0324,0.038,1.76e-06,0.304,0.615,117.024,212600.0,4.0
59.0,1p80LdxRV74UKvL8gnD7ky,1989,Blank Space,0.753,0.678,5.0,-5.421,1.0,0.0644,0.085,1.64e-06,0.13,0.583,96.006,231827.0,4.0
60.0,4lIxdJw6W3Fg4vUIYCB0S5,1989,Style,0.598,0.786,2.0,-5.572,1.0,0.0383,0.00253,0.0016,0.117,0.456,95.019,231000.0,4.0
61.0,5OndtwLGA9O6XHFcGm2H7r,1989,Out Of The Woods,0.552,0.842,7.0,-6.938,1.0,0.0373,0.00103,1.17e-05,0.337,0.343,91.991,235800.0,4.0
62.0,0dAb8TY433dl3ZfXYCLE19,1989,All You Had To Do Was Stay,0.602,0.736,5.0,-5.778,1.0,0.0338,0.00196,4.57e-05,0.105,0.471,96.969,193293.0,4.0
63.0,5xTtaWoae3wi06K5WfVUUH,1989,Shake It Off,0.647,0.785,7.0,-5.414,1.0,0.165,0.0561,0.0,0.148,0.943,160.015,219200.0,4.0
64.0,3wmN11qXGL0HyPojvEE1D9,1989,I Wish You Would,0.648,0.898,0.0,-5.963,1.0,0.0513,0.016,9.91e-05,0.109,0.502,118.02,207440.0,4.0
65.0,273dCMFseLcVsoSWx59IoE,1989,Bad Blood,0.65,0.802,7.0,-6.114,1.0,0.181,0.0871,6.54e-06,0.148,0.295,170.146,211933.0,4.0
66.0,59HjlYCeBsxdI0fcm3zglw,1989,Wildest Dreams,0.554,0.666,8.0,-7.414,1.0,0.0747,0.0702,0.00593,0.106,0.472,140.056,220440.0,4.0
67.0,4dYUOfmWna6DFccnz732n8,1989,How You Get The Girl,0.764,0.66,5.0,-6.136,1.0,0.0494,0.00461,0.00477,0.0915,0.524,119.988,247533.0,4.0
68.0,3oKMl2tJv4fdidkXUYMI5x,1989,This Love,0.475,0.459,4.0,-8.768,1.0,0.0333,0.635,0.0,0.101,0.0828,143.988,250093.0,4.0
69.0,3jBMHD19RZdAqG9iFQh7xc,1989,I Know Places,0.596,0.763,0.0,-4.99,1.0,0.0661,0.231,0.0,0.2,0.507,159.958,195707.0,4.0
70.0,06WgOCf0LV2h4keYXDRnuh,1989,Clean,0.81,0.379,4.0,-7.771,1.0,0.0349,0.241,0.0,0.113,0.22,103.981,271000.0,4.0
71.0,2yLa0QULdQr0qAIvVwN6B5,reputation,...Ready For It?,0.613,0.764,2.0,-6.509,1.0,0.136,0.0527,0.0,0.197,0.417,160.015,208187.0,4.0
72.0,2x0WlnmfG39ZuDmstl9xfX,reputation,End Game,0.649,0.589,2.0,-6.237,1.0,0.0558,0.00845,0.0,0.108,0.151,159.073,244827.0,4.0
73.0,4svZDCRz4cJoneBpjpx8DJ,reputation,I Did Something Bad,0.696,0.602,0.0,-6.156,0.0,0.159,0.0679,2.11e-05,0.0696,0.305,82.989,238253.0,4.0
74.0,1R0a2iXumgCiFb7HEZ7gUE,reputation,Don’t Blame Me,0.615,0.534,9.0,-6.719,0.0,0.0386,0.106,1.76e-05,0.0607,0.193,135.917,236413.0,4.0
75.0,6NFyWDv5CjfwuzoCkw47Xf,reputation,Delicate,0.75,0.404,9.0,-10.178,0.0,0.0682,0.216,0.000357,0.0911,0.0499,95.045,232253.0,4.0
76.0,1P17dC1amhFzptugyAO7Il,reputation,Look What You Made Me Do,0.766,0.709,9.0,-6.471,0.0,0.123,0.204,1.41e-05,0.126,0.506,128.07,211853.0,4.0
77.0,5PxFv9yJEg9dxvbZggykro,reputation,So It Goes...,0.574,0.61,2.0,-7.283,1.0,0.0732,0.122,1.1e-06,0.13,0.374,74.957,227907.0,4.0
78.0,1ZY1PqizIl78geGM4xWlEA,reputation,Gorgeous,0.8,0.535,7.0,-6.684,1.0,0.135,0.0713,9.48e-06,0.213,0.451,92.027,209680.0,4.0
79.0,0VE4kBnHJUgtMf0dy6DRmW,reputation,Getaway Car,0.562,0.689,2.0,-6.745,1.0,0.127,0.00465,2.23e-06,0.0888,0.351,172.054,233627.0,4.0
80.0,7HuBDWi18s4aJM8UFnNheH,reputation,King Of My Heart,0.675,0.703,0.0,-7.902,1.0,0.0382,0.00882,2.21e-06,0.0391,0.314,110.01,214320.0,4.0
81.0,7I7JbDv63ZJJsSi24DyJrz,reputation,Dancing With Our Hands Tied,0.624,0.691,0.0,-6.686,0.0,0.196,0.0604,1.1e-05,0.138,0.284,160.024,211507.0,4.0
82.0,6oVxXO5oQ4pTpO8RSnkzvv,reputation,Dress,0.719,0.469,0.0,-8.792,1.0,0.0533,0.0329,0.0,0.169,0.0851,120.085,230373.0,4.0
83.0,07NxDD1iKCHbAldceD7QLP,reputation,This Is Why We Can't Have Nice Things,0.567,0.789,5.0,-5.986,1.0,0.115,0.0156,0.0,0.382,0.438,163.96,207133.0,4.0
84.0,1GwMQaZz6Au3QLDbjbMdme,reputation,Call It What You Want,0.598,0.504,9.0,-9.874,1.0,0.0731,0.186,0.000221,0.34,0.252,163.954,203507.0,4.0
85.0,7F5oktn5YOsR9eR5YsFtqb,reputation,New Year’s Day,0.661,0.151,0.0,-12.864,1.0,0.0354,0.921,0.0,0.13,0.23,94.922,235467.0,4.0
86.0,43rA71bccXFGD4C8GOpIlN,Lover,I Forgot That You Existed,0.664,0.316,5.0,-10.345,1.0,0.519,0.298,2.03e-06,0.0812,0.541,92.875,170640.0,4.0
87.0,1BxfuPKGuaTgP7aM0Bbdwr,Lover,Cruel Summer,0.552,0.702,9.0,-5.707,1.0,0.157,0.117,2.06e-05,0.105,0.564,169.994,178427.0,4.0
88.0,1dGr1c8CrMLDpV6mPbImSI,Lover,Lover,0.359,0.543,7.0,-7.582,1.0,0.0919,0.492,1.58e-05,0.118,0.453,68.534,221307.0,4.0
89.0,3RauEVgRgj1IuWdJ9fDs70,Lover,The Man,0.777,0.658,0.0,-5.191,1.0,0.054,0.0767,0.0,0.0901,0.633,110.048,190360.0,4.0
90.0,3pHkh7d0lzM2AldUtz2x37,Lover,The Archer,0.292,0.574,0.0,-9.375,1.0,0.0401,0.12,0.00569,0.0663,0.166,124.344,211240.0,4.0
91.0,2YWtcWi3a83pdEg3Gif4Pd,Lover,I Think He Knows,0.897,0.366,0.0,-8.029,1.0,0.0569,0.00889,0.000353,0.0715,0.416,100.003,173387.0,4.0
92.0,214nt20w5wOxJnY462klLw,Lover,Miss Americana & The Heartbreak Prince,0.662,0.747,11.0,-6.926,0.0,0.0736,0.028,0.00615,0.138,0.487,150.088,234147.0,4.0
93.0,4y5bvROuBDPr5fuwXbIBZR,Lover,Paper Rings,0.811,0.719,9.0,-6.553,1.0,0.0497,0.0129,1.36e-05,0.0742,0.865,103.979,222400.0,4.0
94.0,12M5uqx0ZuwkpLp5rJim1a,Lover,Cornelia Street,0.824,0.624,0.0,-9.728,1.0,0.0827,0.781,0.000189,0.1,0.248,102.012,287267.0,4.0
95.0,2dgFqt3w9xIQRjhPtwNk3D,Lover,Death By A Thousand Cuts,0.712,0.732,4.0,-6.754,1.0,0.0629,0.454,0.0,0.319,0.313,94.071,198533.0,4.0
96.0,1LLXZFeAHK9R4xUramtUKw,Lover,London Boy,0.695,0.71,1.0,-6.639,1.0,0.05,0.0246,0.000104,0.133,0.557,157.925,190240.0,4.0
97.0,4AYtqFyFbX0Xkc2wtcygTr,Lover,Soon You’ll Get Better (feat. The Chicks),0.433,0.182,0.0,-12.566,1.0,0.0641,0.907,0.0,0.123,0.421,207.476,201587.0,4.0
98.0,5hQSXkFgbxjZo9uCwd11so,Lover,False God,0.739,0.32,11.0,-10.862,0.0,0.239,0.736,0.000147,0.111,0.351,79.97,200307.0,4.0
99.0,6RRNNciQGZEXnqk8SQ9yv5,Lover,You Need To Calm Down,0.771,0.671,2.0,-5.617,1.0,0.0553,0.00929,0.0,0.0637,0.714,85.026,171360.0,4.0
100.0,1SymEzIT3H8UZfibCs3TYi,Lover,Afterglow,0.756,0.449,9.0,-8.746,1.0,0.0344,0.13,0.0,0.114,0.399,111.011,223293.0,4.0
101.0,2Rk4JlNc2TPmZe2af99d45,Lover,ME! (feat. Brendon Urie of Panic! At The Disco),0.61,0.83,0.0,-4.105,1.0,0.0571,0.033,0.0,0.118,0.728,182.162,193000.0,4.0
102.0,1SmiQ65iSAbPto6gPFlBYm,Lover,It’s Nice To Have A Friend,0.737,0.175,10.0,-9.912,1.0,0.0401,0.971,0.000337,0.171,0.545,70.008,150440.0,4.0
103.0,1fzAuUVbzlhZ1lJAx9PtY6,Lover,Daylight,0.557,0.496,0.0,-9.602,1.0,0.0563,0.808,0.000173,0.0772,0.265,149.983,293453.0,4.0
104.0,0Jlcvv8IykzHaSmj49uNW8,folklore,the 1,0.777,0.357,0.0,-6.942,1.0,0.0522,0.757,7.28e-06,0.108,0.172,139.883,210252.0,4.0
105.0,4R2kfaDFhslZEMJqAFNpdd,folklore,cardigan,0.613,0.581,0.0,-8.588,0.0,0.0424,0.537,0.000345,0.25,0.551,130.033,239560.0,4.0
106.0,2Eeur20xVqfUoM3Q7EFPFt,folklore,the last great american dynasty,0.686,0.662,7.0,-8.505,1.0,0.0413,0.467,0.0023,0.109,0.706,147.922,230999.0,4.0
107.0,4pvb0WLRcMtbPGmtejJJ6y,folklore,exile (feat. Bon Iver),0.298,0.38,6.0,-8.426,1.0,0.0287,0.778,5.62e-05,0.11,0.152,75.602,285634.0,4.0
108.0,1MgV7FIyNxIG7WzMRJV5HC,folklore,my tears ricochet,0.456,0.263,0.0,-10.63,1.0,0.0332,0.806,0.0,0.0749,0.111,129.86,255894.0,4.0
109.0,0ZNU020wNYvgW84iljPkPP,folklore,mirrorball,0.553,0.413,2.0,-10.037,1.0,0.0334,0.687,2.33e-06,0.0594,0.379,110.107,208978.0,4.0
110.0,6KJqZcs9XDgVck7Lg9QOTC,folklore,seven,0.596,0.488,4.0,-10.769,1.0,0.0274,0.9,2.7e-05,0.091,0.415,94.926,208907.0,4.0
111.0,3hUxzQpSfdDqwM3ZTFQY0K,folklore,august,0.532,0.623,5.0,-9.208,1.0,0.0331,0.538,7.28e-05,0.0925,0.403,89.937,261923.0,4.0
112.0,7kt9e9LFSpN1zQtYEl19o1,folklore,this is me trying,0.515,0.476,9.0,-9.843,1.0,0.0328,0.314,4.74e-05,0.171,0.412,135.886,195097.0,4.0
113.0,2NmsngXHeC1GQ9wWrzhOMf,folklore,illicit affairs,0.559,0.31,10.0,-10.445,1.0,0.0338,0.881,0.0,0.106,0.46,119.845,190898.0,4.0
114.0,6VsvKPJ4xjVNKpI8VVZ3SV,folklore,invisible string,0.653,0.452,4.0,-11.143,0.0,0.055,0.838,7.73e-05,0.108,0.45,83.433,252881.0,4.0
115.0,2QDyYdZyhlP2fp79KZX8Bi,folklore,mad woman,0.592,0.699,3.0,-8.995,1.0,0.0471,0.655,1.68e-05,0.114,0.506,141.916,237258.0,4.0
116.0,08fa9LFcFBTcilB3iq2e2A,folklore,epiphany,0.354,0.267,1.0,-13.69,1.0,0.0281,0.731,0.000402,0.0858,0.113,94.219,289749.0,4.0
117.0,5kI4eCXXzyuIUXjQra0Cxi,folklore,betty,0.593,0.377,0.0,-8.761,1.0,0.0253,0.6,0.0,0.0976,0.502,95.939,294521.0,4.0
118.0,7MbT4I8qGntX4fMdqMQgke,folklore,peace,0.647,0.272,5.0,-12.906,1.0,0.0916,0.918,1.73e-05,0.0918,0.339,150.044,234000.0,4.0
119.0,6MWoRt97mnSTXZhu3ggi9C,folklore,hoax,0.662,0.181,8.0,-15.065,1.0,0.0415,0.966,3.86e-06,0.133,0.429,118.819,220043.0,4.0
120.0,0lx2cLdOt3piJbcaXIV74f,evermore,willow,0.392,0.574,7.0,-9.195,1.0,0.17,0.833,0.00179,0.145,0.529,81.112,214707.0,4.0
121.0,0sY6ZUTh4yoctD8VIXz339,evermore,champagne problems,0.462,0.24,0.0,-12.077,1.0,0.0377,0.92,0.0,0.113,0.32,171.319,244000.0,4.0
122.0,5BK0uqwY9DNfZ630STAEaq,evermore,gold rush,0.512,0.462,9.0,-10.491,1.0,0.0408,0.83,0.166,0.121,0.353,112.05,185320.0,4.0
123.0,7dW84mWkdWE5a6lFWxJCBG,evermore,‘tis the damn season,0.575,0.434,5.0,-8.193,1.0,0.0312,0.735,6.59e-05,0.105,0.348,145.916,229840.0,4.0
124.0,0PurA4JVJ8YQgSVopY8fn6,evermore,tolerate it,0.316,0.361,9.0,-10.381,1.0,0.0488,0.878,2.67e-05,0.0797,0.221,74.952,245440.0,5.0
125.0,3RaT22zZsxVYxxKR7TAaYF,evermore,"no body, no crime (feat. HAIM)",0.546,0.613,7.0,-7.589,0.0,0.0264,0.418,0.0,0.103,0.535,79.015,215627.0,4.0
126.0,73YUReisjb3A9ActdLLjJQ,evermore,happiness,0.559,0.334,11.0,-10.733,1.0,0.0376,0.87,0.0,0.114,0.211,122.079,315147.0,4.0
127.0,670fUmXf4KQekzbEgaXyPA,evermore,dorothea,0.605,0.488,4.0,-8.322,1.0,0.0264,0.696,0.0,0.129,0.354,119.966,225880.0,4.0
128.0,3k7ne7VmH43ZPWxPdvPUgR,evermore,coney island (feat. The National),0.537,0.537,8.0,-11.266,1.0,0.0617,0.819,0.000904,0.142,0.292,107.895,275320.0,4.0
129.0,19CSr8rwW05VJL2F91KFNK,evermore,ivy,0.515,0.545,2.0,-9.277,1.0,0.0353,0.855,1.97e-05,0.0921,0.535,88.856,260440.0,4.0
130.0,1XjHRolIXL2M1EEOUsGGR4,evermore,cowboy like me,0.604,0.517,0.0,-9.014,1.0,0.0347,0.768,0.000155,0.123,0.511,127.967,275040.0,4.0
131.0,2o2sgVJIgFXk8GQjWTgI6U,evermore,long story short,0.546,0.73,0.0,-7.704,1.0,0.0417,0.66,0.179,0.0972,0.573,157.895,215920.0,4.0
132.0,12ntTeqEeTg7GAVpe8Mhpl,evermore,marjorie,0.535,0.561,5.0,-11.609,1.0,0.0484,0.876,0.000136,0.115,0.287,96.103,257773.0,4.0
133.0,35rdVq36LMHQX0Suw9a6tK,evermore,closure,0.689,0.704,9.0,-10.813,1.0,0.245,0.835,4.83e-06,0.134,0.92,151.884,180653.0,5.0
134.0,3O5osWf1rSoKMwe6E9ZaXP,evermore,evermore (feat. Bon Iver),0.39,0.27,1.0,-10.673,1.0,0.0308,0.937,0.00227,0.111,0.32,125.177,304107.0,5.0
135.0,5jQI2r1RdgtuT8S3iG8zFC,Midnights,Lavender Haze,0.733,0.436,10.0,-10.489,1.0,0.08,0.258,0.000573,0.157,0.0976,96.985,202396.0,4.0
136.0,3eX0NZfLtGzoLUxPNvRfqm,Midnights,Maroon,0.637,0.398,7.0,-8.294,1.0,0.0564,0.0573,1.03e-06,0.101,0.0374,108.075,218271.0,4.0
137.0,0V3wPSX9ygBnCm8psDIegu,Midnights,Anti-Hero,0.637,0.643,4.0,-6.571,1.0,0.0519,0.13,1.8e-06,0.142,0.533,97.008,200690.0,4.0
138.0,1wtOxkiel43cVs0Yux5Q4h,Midnights,Snow On The Beach (feat. Lana Del Rey),0.663,0.319,9.0,-13.481,1.0,0.0375,0.69,0.000993,0.117,0.193,109.957,256124.0,4.0
139.0,4D7BCuvgdJlYvlX5WlN54t,Midnights,"You're On Your Own, Kid",0.696,0.396,2.0,-10.289,1.0,0.0656,0.401,5.2e-06,0.125,0.38,120.041,194207.0,4.0
140.0,3rWDp9tBPQR9z6U5YyRSK4,Midnights,Midnight Rain,0.643,0.363,0.0,-11.738,1.0,0.0767,0.69,5.17e-05,0.115,0.23,139.865,174783.0,4.0
141.0,0heeNYlwOGuUSe7TgUD27B,Midnights,Question...?,0.751,0.502,7.0,-8.763,1.0,0.167,0.2,0.0,0.296,0.106,108.943,210557.0,4.0
142.0,1xwAWUI6Dj0WGC3KiUPN0O,Midnights,Vigilante Shit,0.798,0.277,4.0,-11.096,0.0,0.39,0.173,5.25e-05,0.121,0.163,79.846,164801.0,4.0
143.0,3qoftcUZaUOncvIYjFSPdE,Midnights,Bejeweled,0.696,0.559,7.0,-9.19,1.0,0.0693,0.0618,5.58e-05,0.0887,0.433,163.999,194166.0,4.0
144.0,0A1JLUlkZkp2EFrosoNQi0,Midnights,Labyrinth,0.406,0.306,0.0,-15.48,1.0,0.0517,0.785,0.488,0.122,0.122,110.014,247962.0,4.0
145.0,7KokYm8cMIXCsGVmUvKtqf,Midnights,Karma,0.642,0.62,8.0,-7.091,1.0,0.0666,0.0734,0.0,0.483,0.0969,90.02,204852.0,4.0
146.0,0wavGRldH0AWyu2zvTz8zb,Midnights,Sweet Nothing,0.337,0.156,0.0,-14.919,1.0,0.0518,0.964,7.72e-05,0.115,0.39,176.655,188497.0,4.0
147.0,7FmYn9e7KHMXcxqGSj9LjH,Midnights,Mastermind,0.662,0.357,4.0,-14.064,1.0,0.154,0.553,0.00129,0.0837,0.124,125.966,191039.0,4.0
